{
  "water_stress": 3.6,
  "flood_risk": 1.2833333333333332,
  "drought_risk": 4.233333333333333
}