{
  "water_stress": 2.6,
  "flood_risk": 2.8833333333333333,
  "drought_risk": 3.033333333333333
}