{
  "water_stress": 2.6,
  "flood_risk": 2.0833333333333335,
  "drought_risk": 2.433333333333333
}