{
  "water_stress": 2.45,
  "flood_risk": 1.7916666666666667,
  "drought_risk": 3.666666666666667
}