{
  "water_stress": 3.3000000000000003,
  "flood_risk": 2.8833333333333333,
  "drought_risk": 2.7333333333333334
}