{
  "water_stress": 2.5,
  "flood_risk": 3.5833333333333335,
  "drought_risk": 2.3333333333333335
}