{
  "water_stress": 3.9,
  "flood_risk": 2.3833333333333333,
  "drought_risk": 4.033333333333333
}