{
  "water_stress": 2.2,
  "flood_risk": 1.5833333333333333,
  "drought_risk": 3.3333333333333335
}