{
  "water_stress": 2.6333333333333333,
  "flood_risk": 2.1,
  "drought_risk": 2.4666666666666663
}