{
  "water_stress": 2.966666666666667,
  "flood_risk": 2.35,
  "drought_risk": 2.8833333333333333
}